{"acc": 0.8633746744609698, "loss": 0.1315854669264146, "_timestamp": 1707869190.0637214, "_runtime": 4.906165361404419, "_step": 7, "_wandb": {"runtime": 4}}